Date;AA;AIG;ATT;AXP;BA;CAT;CITI;DD;DIS;GE;GM;HD;HON;HP;IBM;INT;JNJ;JPM;KO;MCD;MMM;MO;MRK;MSFT;PFE;PG;UTX;VZ;WM;XON
31.дек.04;30,59;65,09;23,81;48,67;50,72;47,53;45,89;47,06;27,51;35,29;37,21;42,17;34,45;20,65;97,42;22,97;61,84;36,92;40,28;31,42;79,81;57,87;30,24;26,31;25,84;53,44;50,62;37,77;52,17;49,98
03.янв.05;30,18;65,44;23,64;48,27;49,93;46,34;45,98;47,13;27,56;35,38;37,43;42,52;34,34;20,73;96,6;22,66;61,33;37,05;40,19;31,18;80,13;57,43;29,41;26,33;25,42;53,55;50,44;37,75;52,7;48,84
04.янв.05;29,64;65,66;23,39;47,55;48,96;45,83;45,59;46,11;27,26;34,96;37,05;41,98;33,73;20,59;95,56;22,21;61,14;36,67;39,63;31,44;79,48;57,83;29,29;26,43;25,42;52,88;49,86;37,37;52,57;48,51
05.янв.05;29,46;66,75;23,51;47,11;49,78;44,95;46,16;45,49;27,11;34,74;36,33;41,6;33,63;20,68;95,36;21,99;61,1;36,75;39,44;31,19;78,5;57,72;29,49;26,37;25,25;53,43;49,49;37,31;52,64;48,26
06.янв.05;29,59;66,86;23,54;46,87;49,45;45,62;46,61;45,49;27,15;35,02;36,64;40,97;33,41;20,64;95,07;22,06;61,27;36,96;39,77;31,44;79,21;57,31;29,7;26,34;25,27;53,7;49,52;37,23;53,39;48,87
07.янв.05;29,89;66,98;23,47;46,52;49,29;45,52;46,34;45,45;26,88;34,81;36,22;40,87;33,28;20,52;94,65;22,39;61,05;36,66;39,82;31,23;80,03;58,16;29,29;26,26;25,28;54,26;48,99;37,1;53,33;48,55
10.янв.05;29,68;67,1;23,3;46,61;49,94;45,1;46,05;45,51;26,99;34,72;35,75;41,24;33,18;20,49;94,55;22,47;61,53;36,54;40,04;31,03;81,62;58,92;29,64;26,39;25,41;54,69;48,85;36,74;53,06;48,73
11.янв.05;28,88;66,55;23,07;46,18;49,79;44,48;45,93;45,27;26,92;34,23;35,71;41,15;33,08;19,74;93,88;22,14;61,31;36,19;39,82;30,47;82,37;58,35;29,33;26,32;25,13;54,63;49,05;36,34;52,93;48,61
12.янв.05;28,66;66,19;23,22;46,08;50,88;45,03;45,79;45,29;27,43;34,5;35,66;41,63;34,03;19,73;94,09;22,75;61,74;36,27;39,82;30,71;82,62;58,38;29,24;26,37;25,02;54,83;49,93;35,99;53,42;49,33
13.янв.05;28,73;65,41;22,86;45,76;49,6;45,26;45,34;44,97;27,46;34,07;34,66;41,17;33,64;19,64;93,34;22,41;60,43;36,06;39,41;30,27;81,48;59,01;28,84;25,87;24,35;53,88;49,27;34,92;52,98;49,29
14.янв.05;29,12;65,55;22,84;45,62;49,88;45,67;45,26;45,16;28;34,35;34,49;41,34;34,38;19,76;92,99;22,61;61,14;36,1;39,64;30,68;81,65;60;29,05;25,72;24,27;54,22;49,44;34,68;53,33;49,8
18.янв.05;29;67,1;23,28;45,99;50,83;45,3;45,89;45,56;28,44;34,77;34,15;41,6;34,88;20,12;93,78;22,53;61,46;36,66;39,91;30,96;79,76;60,58;29,45;25,91;24,32;54,33;50,05;35,47;53,82;50,22
19.янв.05;28,42;66,41;23,2;45,91;50,37;44,8;45,76;45,46;28,2;34,27;34,1;41,24;34,41;19,97;92;22,2;61,25;36,13;39,76;30,98;79,9;60,2;29,19;25,58;23,91;55,24;49,49;34,5;53,12;49,78
20.янв.05;27,95;65,96;22,9;45,34;49,87;44,1;45,5;45,31;28,22;34,2;33,67;40,6;34,22;19,71;91,9;22,18;60,93;35,56;39,98;30,82;80,66;59,77;28,91;25,46;24,01;55,26;48,87;34,14;52,72;49,46
21.янв.05;28,18;65,53;23;44,94;49,05;43,69;45,66;44,81;27,85;33,97;33,4;40,35;34,04;19,68;91,29;22,02;60,31;35,18;39,58;30,62;79,03;59,44;28,57;25,25;23,53;54,24;49,01;34,36;52,36;49,18
24.янв.05;28,06;65,79;22,97;45,52;48,63;43,14;46,07;44,14;27,66;34,1;33,83;39,85;34,22;19,59;90,71;21,6;59,96;35,21;39,63;31,1;79,37;58,88;28,09;25,27;23,32;53,81;48,49;34,69;52,42;49,86
25.янв.05;27,63;66,4;22,88;46,24;48,83;44,31;46,21;44,69;28,5;34,52;33,9;40,03;34,13;19,36;91,1;21,86;62,13;35,19;39,9;31,3;80,54;59;29,12;25,62;23,63;54,32;48,77;33,89;52,63;50,05
26.янв.05;27,9;66,45;23;45,95;48,85;44,61;46,18;44,59;28,28;34,32;34,35;40,18;34,78;19,29;90,87;22,02;63,04;35,16;40,32;31,35;81,12;58,57;29,33;25,61;23,63;54,03;49,38;34,38;52,63;50,41
27.янв.05;28,3;65,81;22,15;45,67;49,93;42,36;46,26;45,06;28;34,43;34,09;40,12;35,05;19,19;90,9;21,91;62,62;35,09;40,4;31,47;80,6;59,32;29,34;25,71;23,72;53,92;50,03;33,77;52,43;50,46
28.янв.05;28,22;65,27;22,1;45,69;48,91;42,82;46,09;45,31;27,93;34,57;34,03;39,87;34,72;19,04;91,79;21,84;63,01;35,33;40,14;31,36;80,95;59,86;26,36;25,78;23,4;52,78;49,95;33,59;51,79;49,99
31.янв.05;28,74;65,7;22,24;46,16;49,57;43,62;46,72;45,63;28,33;34,94;34,19;40,71;35;19,29;92,32;22,05;63,09;35,64;40,14;31,74;82,03;60,46;26,39;25,88;23,22;51,88;49,31;33,5;51,76;50,31
01.фев.05;28,79;66,15;22,39;49,11;50;44,12;47,13;45,91;28,5;35,08;34,25;40,59;35,08;19,52;92,75;22,23;63,79;35,8;40,07;31,34;81,76;60,54;26,19;25,98;22,93;51,53;48,99;33,78;51,97;51,94
02.фев.05;28,86;66,26;22,83;48,26;51,17;44,56;47,32;46,2;28,53;35,05;34,88;40,75;35,74;19,27;93,19;22,18;64,36;35,82;40,56;31,13;81,04;60,53;26,78;26,05;23,13;52,05;48,79;33,78;52,41;52,59
03.фев.05;28,53;65,69;23,04;47,95;50,94;44,94;47,24;46,15;28,5;34,88;34,65;41,01;36,46;19,6;92,44;22,06;64,01;35,7;40,38;31,42;81,04;60,37;26,73;25,78;22,98;51,89;49,22;33,8;52,77;53,16
04.фев.05;28,75;66,92;23,02;48,3;51,51;44,99;47,84;46,73;29;35,05;34,57;41,85;36,82;20,14;93,4;22,67;64,59;35,98;41,09;31,92;81,76;63,46;26,68;25,91;23,29;51,29;49,82;34,69;52,8;53,91
07.фев.05;29;67,1;22,9;48,08;51,43;44,73;47,79;47,3;29,57;35,03;35,14;41,95;36,67;20,06;93,42;22,58;64,79;36,25;41,11;32,12;81,57;63,04;26,75;25,76;23,94;51,2;49,06;34,52;52,85;54,02
08.фев.05;29,37;67,13;23,03;47,65;52,41;44,79;47,55;47,56;29,53;35,23;34,82;41,49;36,49;19,83;93,2;23,07;64,68;36,05;41,26;31,77;82,01;62,89;27,1;25,84;24,56;50,66;49,46;34,31;52,55;54,66
09.фев.05;28,63;68,69;22,82;47,39;53,27;44,38;47,27;47,65;29,04;34,9;34,45;41,3;36,39;21,2;91,78;22,97;64,54;35,8;41,37;31,33;81,05;61,83;27;25,67;24,26;50,2;49,22;33,95;51,88;54,42
10.фев.05;28,85;71,94;22,55;47,69;53,01;45,07;47,07;48,57;29,04;34,86;34,53;41,8;37,42;21,15;91,84;23,16;64,48;35,76;41,12;31,45;81,59;62,89;27,06;25,66;24,26;50,31;50,28;33,93;51,62;55,2
11.фев.05;29,22;72,47;22,7;47,76;53,29;45,42;47,48;49,37;29,03;35,03;34,96;42,24;38,08;20,97;92,38;23,82;65,22;35,78;41,37;31,6;81,72;62,7;27,48;25,57;24,35;50,83;49,66;34,18;51,46;54,98
14.фев.05;29,26;70,85;22,81;47,25;53,19;45,15;47,33;49,47;29,08;35,12;35,06;42,05;38,23;20,45;92,64;23,96;64,63;35,8;41,46;31,95;82,28;62,61;27,67;25,61;24,67;51,36;49,61;34,07;51,51;55,68
15.фев.05;29,18;71,21;22,95;47,16;53,57;44,8;47,48;49,99;29,27;35,19;35,04;42,16;37,99;20,8;93,4;24,12;64,55;35,85;41,26;32,49;83,62;62,57;27,62;25,61;24,42;52,12;50,33;34,13;52,05;55,77
16.фев.05;29,96;69,97;22,94;47,26;53,07;45,31;47,27;50,67;29,02;35,02;35;41,8;37,64;20,74;93,68;23,79;64,38;35,64;41,89;31,94;84,41;62,05;27,31;25,47;24,16;51,96;50,59;34;51,96;57,3
17.фев.05;30,39;69,06;22,69;47,16;52,82;44,95;46,9;50,54;29,04;34,84;35,03;41,25;37,09;20,54;92,82;23,29;64;35,12;41,6;31,64;83,35;61,3;27,15;25,33;24,27;51,98;49,92;33,59;52,05;56,96
18.фев.05;30,45;68,32;22,63;46,84;51,95;44,47;46,68;52,12;28,75;34,7;35,11;41,46;37,25;20,68;92,35;23,68;64,08;34,86;41,56;31,68;83,19;61,47;30,68;25,17;25,95;52,14;49,63;33,24;52,07;58,21
22.фев.05;30,06;67,3;22,49;46,54;51,33;43,8;46,08;51,03;28,13;34,18;34,6;39,74;36,45;20,26;91,41;23,42;63,72;34,3;41,4;31,31;81,74;59,79;29,37;24,92;25,75;50,93;48,52;33,31;51,36;57,08
23.фев.05;30,34;68,04;22,59;46,72;51,89;44,29;46,5;51,5;28,35;34,11;34,6;39,22;36,56;20,05;91,19;22,98;64,06;34,83;41,19;31,79;82,01;60,95;29,88;24,89;25,48;52,13;49,06;33,47;50,97;58,22
24.фев.05;30,8;67,58;22,61;47,03;53,09;45,61;46,42;51,72;27,85;34,59;34,54;39,09;36,85;20,13;91,72;23,36;64,53;35,02;41,27;31,99;82,36;61,75;30,1;25,06;25,56;52,47;49,2;33,42;50,83;59,9
25.фев.05;30,96;67,74;22,66;47,23;54,13;46,42;46,4;52,13;27,6;34,66;34,73;40,04;37,29;20,34;91,88;23,74;64,85;35,3;41,62;32,32;82,68;62,23;30,02;24,94;26,01;52,82;49,69;34,08;50,86;61,99
28.фев.05;31,44;66,21;22,52;46,86;54,11;46,54;45,86;51,49;27,65;34,25;33,56;39,48;37,14;20,48;91,66;23,65;64,24;34,9;41,41;32,42;82,03;62,18;29,83;24,85;25,46;51,74;49,13;33,86;50,98;62,03
01.мар.05;30,99;65,96;22,76;47,29;53,63;47,67;46,02;52,05;28,18;34,27;33,87;39,51;36,85;20,4;92,38;24,27;65,27;35,41;41,86;32,66;82,55;62,61;30,23;24,97;25,77;52,15;49,14;34,12;51,4;60,85
02.мар.05;30,64;64,6;22,76;47,33;54,43;47,57;46,26;51,52;28,39;34,64;33,23;39,44;36,94;20,38;92;24,17;65,57;35,32;41,64;32,61;82,64;62,38;30,09;24,95;25,77;52,23;48,95;34,33;51,31;61,42
03.мар.05;30,62;64,5;22,8;47,34;56,52;47,85;46,1;51,3;28,27;34,59;33,11;39,19;37,17;20,49;91,49;24,15;65,37;35,34;41,77;32,74;82,97;62,22;30,07;24,86;25,75;52,12;49,04;34,24;52,21;61,78
04.мар.05;31,13;64,64;22,92;47,55;57,46;48,94;46,52;52,7;28,58;35,15;32,8;39,55;37,83;20,25;91,45;24,33;66,34;35,81;42,22;33,28;84,5;62,56;30,17;24,86;26;52,49;49,55;34,28;52,45;62,29
07.мар.05;30,69;65,36;22,85;47,55;57,38;48,42;46,58;52,12;28,66;35,16;32,87;39,35;37,89;20,55;90,69;24,75;67,02;35,65;42,3;33,52;84,74;62,18;30,18;25,16;26,32;52,34;49,83;34,37;52,13;61,73
08.мар.05;30,58;66,27;22,62;47,09;57,24;48,47;46,58;51,95;28,23;35,09;32,42;39,53;37,87;20,6;91,22;24,44;66,78;35,27;42,01;32,81;84,42;62,23;30,21;25,09;25,91;52;50,3;33,98;51,78;61,83
09.мар.05;30,27;65,14;22,55;46,42;56,84;47,4;46,02;52,62;27,69;34,78;32,08;39,06;37,28;20,32;91,43;24,48;66,36;34,82;41,8;31,88;84,16;61,56;30,31;25;25,89;51,66;49,45;34,02;51,81;59,56
10.мар.05;29,84;65,66;22,57;46,75;57,07;48,11;46,28;52,21;27,71;35,16;32,58;39,45;37,51;20,28;91,49;24,49;66,59;34,71;41,67;32,09;84,68;62,03;30,62;25,12;25,9;51,92;50,09;34,05;51,51;59,15
11.мар.05;30,35;64,26;22,46;46,33;56,59;48,47;45,93;51,66;27,3;34,85;32,33;38,99;37,67;19,63;90,6;23,85;66,2;34,48;41,37;31,93;83,69;62,4;30,62;24,78;25,53;51,18;49,85;33,96;50,97;59,82
14.мар.05;30,52;63,4;22,54;46,6;56,8;47,26;46,34;52,11;27,73;35,24;32,32;39,04;38,05;19,97;90,99;23,92;66,42;34,8;41,23;32,3;83,95;62,42;30,75;24,8;25,69;51,9;50,65;33,96;50,67;60,04
15.мар.05;30,93;61,49;22,14;46,29;57,56;47,37;45,94;51,33;28,3;35,03;31,74;39,33;38,19;19,91;90,47;23,54;65,87;34,61;41,13;31,78;83,91;62,5;30,47;24,6;25,46;51,58;50,32;33,59;50,4;59,13
16.мар.05;30,72;62,46;21,92;45,58;55,88;47,13;45,53;49,98;28,35;34,65;27,31;38,46;37,31;19,99;89,75;23,2;65,66;34,61;40,84;31,67;84,05;61,8;30,18;24,33;25,23;51,47;49,93;33,27;50,85;59,07
17.мар.05;30,9;60,37;21,9;45,39;56;47,4;45,4;49,83;28,07;34,42;26,69;38,49;37,59;20,15;88,97;23,07;65,6;34,51;40,9;31,16;84,02;62,17;30,2;24,24;25,19;51,41;50,35;33,15;51,84;60,25
18.мар.05;31,01;59,34;21,85;45,34;56,26;47,2;45,03;50,37;27,79;34,91;26,94;38,46;37,58;19,87;88,4;23,07;65,86;34,38;40,37;31,26;84,2;61,99;30,51;24,01;25,01;52,05;51,03;33,09;50,97;61,39
21.мар.05;30,8;57,49;21,72;45,25;55,95;47,09;43,98;49,64;27,88;35,04;27,95;37,58;37,45;19,92;88,62;23,16;65,47;34,17;40,51;31,04;83,72;60,61;30,32;23,9;24,9;51,4;51,07;32,9;50,69;60,9
22.мар.05;30,31;55,81;21,56;44,29;56,32;46,37;42,71;49,98;27,49;34,54;27,81;37,41;37,4;19,78;88,61;22,69;65,41;33,47;40,31;30,82;83,44;60,87;30,45;23,69;24,62;50,73;50,53;32,44;50,42;59,67
23.мар.05;29,75;56,3;21,9;43,63;55,96;45,85;42,72;49,47;27,49;34,54;26,98;37,29;36,46;19,54;89,62;23,05;66,79;33,35;40,1;30,82;83,14;61,21;30,53;23,88;25,22;51,49;50,1;32,86;50,18;58,88
24.мар.05;29,72;55,22;21,81;43,51;55,91;45,82;42,79;49,25;27,46;34,77;27,58;37,61;36,35;19,59;89,8;22,85;66,68;33,35;40,12;30,95;83,34;61,04;30,35;23,98;25,34;51,27;50,14;32,72;50,19;57,81
28.мар.05;29,42;56,62;21,98;44,21;57,19;46,13;43,03;49,5;27,87;35;26,71;38,17;36,27;19,57;90,14;22,97;66,94;33,27;40,04;30,9;83,24;61,78;30,24;23,9;25,4;51,18;50,13;32,68;50,51;57,7
29.мар.05;28,95;57,79;21,83;44,05;56,35;43,97;42,62;48,58;27,61;34,57;26,93;37,28;35,69;21,53;89,7;22,82;66,51;33,02;40,3;30,4;82,73;61,67;30,48;23,62;24,83;50,55;49,9;32,82;50,3;57,1
30.мар.05;29,27;56,76;22,18;44,64;57,87;44,79;43,17;49,39;28,05;35,22;27,77;37,73;36,33;21,75;89,78;23,15;66,64;33,37;40,85;31,01;84,03;62,6;30,89;23,86;25,46;52,01;50,53;33,35;50,36;58,05
31.мар.05;29,75;55,02;22,17;44,56;57,54;44,77;43,19;49,5;28,43;35,09;27,67;37,82;36,39;21,69;90,47;22,9;65,77;33,03;40,58;30,51;83,74;62,64;30,82;23,87;25,44;51,66;50;33,42;49,64;58,4
01.апр.05;29,63;50,59;22,14;44,15;57,86;44,14;42,88;49,11;28,28;34,51;27,66;37,19;36,19;21,46;89,54;22,68;65,47;32,7;40,29;30,38;83,19;62,43;30,77;23,82;25,32;51,28;49,65;33,13;48,53;59,33
04.апр.05;29,45;52,93;22,38;44,5;57,41;44,17;42,85;48,72;28,13;34,29;27,35;37,5;36,03;21,66;89,43;22,6;66,57;32,57;40,38;30,37;82,78;61,75;30,95;23,93;25,11;52,53;49,11;33,56;48,95;59,43
05.апр.05;29,35;52,63;22,65;44,43;57,41;44,24;43,19;49,05;28,24;34,54;27,34;37,81;36,3;21,32;88,68;22,8;67,58;33,35;40,76;30,58;82,55;62,26;31,46;24,17;26,05;52,63;49,07;33,67;49,21;58,85
06.апр.05;29,35;52,62;22,68;44,69;57,51;44,74;43,39;49,22;28,11;34,54;28,11;37,38;36,76;21,52;88,12;22,72;67,39;33,44;40,62;30,86;82,89;62,78;31,32;24,37;26,01;52,59;49,38;33,81;49,04;59,67
07.апр.05;30,81;52,39;22,61;44,89;58,08;44,84;43,69;49,79;28,4;34,82;28,74;36,99;37,04;21,55;87,56;23,07;67,81;33,56;41,02;30,84;83,23;62,91;31,89;24,79;26,05;53,67;50,01;33,72;48,44;59,62
08.апр.05;30,95;51,55;22,53;44,7;57,68;44,4;43,63;48,98;28,1;34,78;27,77;37,07;36,75;21,39;86,73;22,96;67,22;33,27;41;30,51;82,63;62,77;31,74;24,63;25,76;53,12;49,58;33,39;48,12;58,8
11.апр.05;30,51;51,73;22,6;44,51;58,47;44,15;43,83;48,67;27,83;34,85;27,53;37,33;36,56;21,33;85,35;22,79;67,46;33,38;40,77;30,18;82,55;62,79;31,56;24,66;25,62;53,94;49,66;33,23;48,06;59,07
12.апр.05;30,66;52,83;22,66;45,24;57,53;44,74;44,64;48,35;27,84;35,12;27,3;38,13;36,63;21,46;84,9;22,89;67,22;33,79;41,22;30,28;83,31;62,44;32,19;25,01;26,03;54,11;50,21;33,51;48,18;59,21
13.апр.05;29,76;51,25;22,6;45,17;57,75;43,38;44,03;47,04;27,41;34,68;26,67;37,49;36,23;21,7;83,73;22,49;67,17;33,34;41;30,59;82,31;63,1;32,87;24,73;26,42;53,81;49,7;33,23;48,12;57,96
14.апр.05;29,27;51,03;22,43;44,33;57,25;41,81;43,63;45,75;27,34;34,54;25,1;36,74;35,54;21,5;82,81;22,17;67,82;32,97;40,97;30,14;80,51;62,73;33,12;24,53;26,58;53,61;49,01;33,22;47,51;57,57
15.апр.05;28,68;50,75;21,82;43,99;56,1;40,86;43,97;44,97;27,08;34,79;24,1;35,72;34,88;20,6;75,94;21,8;67,96;32,72;40,21;29,69;79,02;62,24;33,14;24,16;26,83;53,41;47,98;32,52;47,25;55,06
18.апр.05;28,97;50,9;22,01;44,17;56,02;40,92;44,41;45,6;26,66;35,03;24,65;36,33;35,05;20,21;75,89;21,89;67,61;33,4;39,9;29,49;74,18;61,05;32,78;24,35;26,73;53,22;48,3;32,37;47,43;56,1
19.апр.05;28,77;51,22;22,01;43,84;57,18;41,59;44,55;46,5;26,86;35,03;24,56;36,06;35,7;20,42;74,73;22,31;67,62;33,7;41,29;29,57;75,18;61,42;33,02;24,33;26,55;52,95;48,33;32,53;47,16;57,45
20.апр.05;28,29;50,65;21,78;43,39;56,33;43,1;44,33;45,65;26,34;34,56;24,31;35,21;34,65;20,36;71,3;22,34;66,69;33,52;40,78;29,34;74,18;60,11;32,44;24,02;25,91;52,31;48,71;32,16;46,91;55,99
21.апр.05;28,93;51,54;21,99;43,71;58,15;44,1;44,47;46,8;27,38;35,15;24,48;36,27;35,57;20,84;73,3;23,03;66,88;33,79;40,88;29,25;76,12;62,56;32,64;24,97;26,39;53,09;50,36;32,62;47,33;58,09
22.апр.05;28,59;50;22,01;43,2;56,97;44,18;44,52;46,47;27,01;35,13;25,17;35,63;35,26;20,54;73,47;22,91;67,07;33,63;41,02;29,46;75,31;62,07;32,56;24,67;26,36;52,8;49,95;32,43;46,37;58,22
25.апр.05;28,82;51,4;22,12;44,21;58,64;44,83;44,96;46,93;26,91;35,4;25,18;35,8;35,52;20,86;73,87;23,07;67,12;33,92;41,56;29,67;75,75;62,56;32,3;24,68;26,17;52,74;50,3;32,43;46,58;58,75
26.апр.05;28,24;50,71;21,97;44,71;58,07;43,71;44,81;45,43;26,52;35,2;24,96;35,8;35,5;20,24;74,68;22,99;66,61;33,83;41,83;29,4;74,4;61,3;31,99;24,45;26,06;52,29;49,82;32,37;46,56;58,08
27.апр.05;28,13;51,49;22,23;45,19;58,72;43,31;45,22;44,89;26,56;35,42;25,38;35,64;35,56;19,94;76,29;23,17;66,92;34,23;41,7;29,55;74,86;62,11;31,89;24,68;26,07;52,44;49,96;33,53;46,85;57,2
28.апр.05;27,97;50,78;22,31;44,84;57,8;42,65;44,81;44,4;25,63;34,71;25,18;34,71;35,14;20,07;75,16;22,86;66,26;33,77;41,57;29,01;73,52;61,75;32,17;24,15;25,84;52,89;49,11;33,37;46,61;54,87
29.апр.05;28,41;50,49;22,57;45,71;58,58;43,31;45,56;45,51;26,12;35,22;25,12;34,98;34,97;20,24;75,62;23,18;67,21;34,22;42,3;28,72;74,73;62,25;32,28;24,99;26,31;53,05;50,03;34,09;46,7;55,88
02.май.05;28,58;53,06;22,56;46,01;58,45;43,48;45,14;45,59;26,05;35,27;25,57;35,86;35,37;20,73;75,75;23,21;67,36;34,3;42,43;28,98;75,13;62,65;32,37;24,92;26,54;53,69;49,9;33,3;47,35;56,58
03.май.05;28,68;52,93;22,57;45,97;58,93;43,08;45,4;46,12;25,97;35,13;26,14;36,35;34,52;20,76;75,71;23,49;67,31;34,23;42,61;29,2;75,02;63,21;32,77;25,05;26,63;53,79;49,66;33,01;47,95;55,36
04.май.05;28,99;53,99;22,57;46,42;59,33;43,98;45,57;46,97;26,51;35,22;30,88;36,7;34,74;20,79;76,32;23,84;66,81;34,81;42,78;29,52;75,59;63,94;33,26;24,9;26,95;54,02;50,27;33,04;48;56,08
05.май.05;28,88;53,54;22,46;46,13;58,8;44,2;45,48;46,57;26,43;34,88;29,05;36,45;34,4;20,69;74,75;23,99;67,09;34,62;42,99;29,34;75,71;64,01;33,09;24,92;26,97;53,67;50,36;32,66;48,12;56,64
06.май.05;28,85;53,76;22,4;45,97;60,05;44,35;45,2;46,42;26,61;34,88;28,96;36,75;36,04;20,74;74,71;24,22;66,8;34,34;43,03;28,79;75,57;63,51;32,53;24,91;26,74;53,64;50,18;32,91;48,5;56,44
09.май.05;28,88;54,2;22,37;45,79;59,61;44,41;45,45;46,63;26,78;35,25;29,49;36,84;36,06;20,5;74,43;24,53;66,76;34,68;43,4;29,51;75,97;63,33;32,56;24,8;27,08;53,86;50,68;32,89;48,79;56,84
10.май.05;28,17;52,9;22,24;45,52;60,08;44,1;45;45,98;26,67;34,86;29,68;36,06;35,73;20,22;72,77;24,4;66,33;33,89;43,07;29,49;74,87;62,99;32,26;24,59;26,78;53,77;50,14;32,69;48,26;56,08
11.май.05;27,95;52,84;22,1;45,43;59,69;44,71;45,31;46,18;26,39;35,21;29,18;36,12;35,86;20,33;72,75;24,5;66,54;34,04;43,11;29,25;75,24;62,64;31,9;24,6;26,96;54,35;51,14;32,73;48,15;56,42
12.май.05;27,11;52,11;22,05;45,22;59,78;43,72;45,02;45,34;26,47;34,9;28,82;35,83;35,47;19,92;72,09;24,57;66,25;33,59;43,01;29,18;74,06;62,4;32,03;24,69;26,94;54,31;50,15;32,65;47,2;53,99
13.май.05;26,27;51,68;21,89;44,89;58,81;43,78;44,54;45,02;26,72;34,74;29,16;35,89;35,14;20,39;72,63;24,84;66,03;33,23;42,95;29,05;73,89;62,21;31,86;24,99;27,16;53,64;49,73;32,46;46,69;52,89
16.май.05;26,17;52,44;22,15;45,5;59,7;44,46;45,4;45,31;26,79;35,26;29,19;36,96;35,73;20,77;73,8;25,05;66,56;33,5;43,1;29,28;74,68;63,32;31,85;25,25;27,53;54,02;50,55;32,85;46,78;52,54
17.май.05;26,77;53,01;22,28;45,66;60,2;45,23;45,75;45,84;26,99;35,48;29,52;38,44;35,4;21,31;73,75;25,42;66,83;33,95;43,24;29,37;75,26;63,51;31,43;25,23;27,5;54,5;51,47;32,91;46,56;53,04
18.май.05;27,4;52,88;22,46;46,44;60,97;46;46,32;46,77;27,21;35,91;30,24;39,37;36,31;22,29;75,8;25,64;66,53;34,76;43,74;29,97;76,75;63,92;31,37;25,46;27,73;55,26;52,23;33,12;47,29;52,84
19.май.05;27,23;52,63;22,51;46,18;60,63;45,99;46,41;46,36;27,65;35,93;31,33;39,7;36,54;22,25;76,6;25,72;66,34;34,9;44,06;30,35;76,51;64,56;31,22;25,68;28;55,47;51,86;33,38;47,22;54
20.май.05;27,01;53,38;22,41;46,02;61,18;46,06;46,37;45,73;27,54;36;31,55;39,2;36,54;22,25;75,85;26,06;66,13;34,77;43,87;30,32;75,72;64,92;31,06;25,5;27,87;55,33;51,94;33,52;46,89;53,19
23.май.05;27,3;53,07;22,48;46,01;60,92;46,26;46,18;46,1;27,26;36,18;31,18;39,52;36,65;22,29;75,95;26,21;66,19;34,63;43,79;30,69;77,17;65,08;31,07;25,61;28,04;55,33;53,17;33,66;47,55;53,92
24.май.05;27,02;53,42;22,39;45,88;61,52;46,15;46,29;45,84;27,37;36,07;30,32;39,42;36,66;22,46;75,26;26,66;66,53;34,61;43,84;30,25;76,83;65,14;31,17;25,51;28,12;54,86;52,85;33,52;47,36;54,21
25.май.05;26,73;53,7;22,34;45,65;60,73;45,48;46,03;45,49;27,36;35,87;30,13;38,94;36,03;22,56;75,45;26,7;66,4;34,63;43,72;30,27;75,72;64,96;30,98;25,47;27,95;54,6;52,77;33,71;47,01;54,84
26.май.05;26,9;55,32;22,43;45,87;62,25;46,45;45,97;45,79;27,51;35,94;30,57;39,48;36,05;22,74;76,58;27,07;66,35;34,66;43,71;30,85;75,64;64,83;30,8;25,66;28,18;54,68;53,16;33,66;47,02;55,37
27.май.05;27,03;56;22,45;46,19;62,28;46,39;45,87;45,63;27,59;35,89;30,45;39,53;36,03;22,51;76,54;27,09;66,36;34,52;43,75;30,63;75,64;64,7;30,9;25,83;27,64;54,63;53,29;33,76;46,98;55,94
31.май.05;26,67;55,16;22,18;46,71;63,15;46,29;45,7;45,28;27,15;35,5;30,17;38,92;35,64;22,25;75;26,66;66,03;34,47;43,46;30,32;75,32;64,31;30,89;25,56;27,2;54,03;52,7;33,69;46,94;55,35
01.июн.05;27,22;55,83;22,08;46,91;63,06;46,96;46,3;45,82;27,29;35,93;30,03;39,5;35,88;22,42;76,28;26,99;66,24;34,48;43,42;30,4;75,66;64,23;31,01;25,57;27,47;54,98;53,09;33,67;47,62;56,28
02.июн.05;27,33;55,62;22,21;47,05;63,63;46,82;46,29;45,33;27,15;35,91;29,89;39,9;36,03;22,42;76,79;27,29;65,94;34,47;43,61;30,49;75,24;64,77;31,05;25,55;27,5;54,83;52,9;33,49;47,92;56,45
03.июн.05;26,88;54,83;22,14;46,99;63,9;46,22;46,14;44,89;27,03;35,71;29,59;39,29;35,75;22,46;75,24;27,03;65,38;34,28;43,07;29,9;74,68;64,41;30,92;25,2;27,26;54,15;52,48;33,49;47,06;56,28
06.июн.05;26,89;54,59;22,1;46,96;64,78;46,31;46,27;45,49;26,8;35,62;29,11;39,51;35,77;22,32;74,45;26,87;65,32;34,24;42,82;29,8;74,84;64,34;30,86;25,14;27,31;54,19;52,83;33,34;47,44;56,73
07.июн.05;26,84;54,97;22,23;47,42;64,52;46,5;46,24;45,48;27;35,85;29,4;39,66;35,78;22,25;74,49;26,56;65,48;34,21;42,95;28,98;75,02;64,92;30,91;25,27;27,26;54,32;52,87;33,36;47,47;56,58
08.июн.05;26,84;54,69;22,33;47,31;63,72;47,51;46,32;45,09;27,12;35,81;30,64;39,34;35,54;22,18;74,26;26,8;65,31;34,4;42,75;28,64;75,23;65,85;30,47;25,17;26,96;54,19;52,47;33,39;47,28;55,87
09.июн.05;26,54;55,28;22,2;47,44;64,35;47,93;46,26;45,13;27,26;35,8;30,44;39,27;35,56;22,5;74,38;27,4;65,67;34,23;42,51;28,4;74,86;66,33;30,2;25,27;26,84;54,08;52,33;33,14;47,52;57,55
10.июн.05;26,67;54,83;22,41;47,45;63,9;47,72;46,22;46;27,23;35,64;33,02;39,17;35,8;23,23;74,23;26,68;65,42;34,17;42,8;28,94;74,48;66,27;30,24;25,2;26,99;53,64;51,83;33,18;47,68;57,49
13.июн.05;26,96;55,23;22,68;47,67;63,88;48;46,18;45,63;27,47;35,56;32,96;39,42;35,51;23,7;74,5;26,7;65,41;34,23;42,72;28,52;74,77;66,14;30,4;25,08;27,19;53,21;52,08;33,24;47,98;57,56
14.июн.05;26,83;55,3;22,67;47,7;62,2;48,49;45,99;45,69;27,35;35,43;34,32;39,69;36,24;23,66;74,34;26,41;65,52;34,33;42,86;28,71;75,33;64,81;30,62;25,13;27,68;53,29;52,3;33,33;49,37;57,66
15.июн.05;27,12;55,14;22,77;47,7;63,66;48,49;45,99;45,6;26,76;35,34;34,77;39,69;36,69;23,69;75,74;26,64;65,3;34,44;42,77;28,37;74,81;64,36;30,73;25,03;27,72;53,3;51,72;33,48;49,54;58,35
16.июн.05;27,48;54,97;22,72;47,64;62,95;48,36;46,12;45,93;26,5;35,14;34,08;39,86;37,46;23,71;76,49;26,82;65,25;34,62;42,9;28,54;75,34;64,49;30,83;24,81;27,89;53,15;51,89;33,27;49,05;59,21
17.июн.05;27,8;55,28;22,78;47,56;63,87;49,29;46,04;45,7;26,42;35,52;34,14;39,86;37,5;23,72;75,83;26,82;65,5;34,79;43,17;28,42;75,59;64,9;31,04;24,81;28,06;53,32;52,5;33,35;48,63;59,97
20.июн.05;27,55;55,41;22,83;47,37;62,93;49,58;45,96;45,56;26,31;35,3;34,27;39,61;37,21;23,66;75,99;26,6;65,49;34,76;43,03;28,48;75,85;64,72;30,94;24,88;28,04;53,15;52,65;33,46;48,56;59,93
21.июн.05;27,36;56,02;22,64;47,49;62,05;50,27;45,91;45,47;26,45;35,18;34,36;39,35;37,09;24,41;75,85;26,88;65,47;34,75;42,81;28,46;75,85;64,8;30,82;24,92;27,9;53,23;52,26;33,33;48,23;58,61
22.июн.05;27,25;55,68;22,56;47,51;62,39;49,47;46,02;45,37;26,41;34,76;33,32;39,37;37,09;24,31;76,67;26,81;64,95;34,97;42,56;28,44;76,53;65,11;30,81;24,84;28,07;53,33;52,32;33,35;48,49;58,77
23.июн.05;26,76;54,94;22,44;46,56;61,14;48,44;45,48;44,23;25,99;33,93;32,37;38,81;36,78;24,2;74,86;26,48;64,31;34,65;42,21;28;74,55;64,09;30,11;25,08;28,18;52,57;51,73;33,06;47,58;58,13
24.июн.05;26,04;54,28;22,29;46,5;59,88;47,64;45,55;43,5;25,77;34,05;32,61;37,92;36,1;23,61;73,47;25,81;64,54;34,3;41,36;27,71;74,17;63,07;29,43;24,81;27,81;51,75;51,49;32,82;47,08;57,27
27.июн.05;25,67;54,77;22,36;46,29;61,04;47,67;45,37;43,35;25,36;33,89;32,02;38,15;35,71;23,32;73,34;25,58;64,61;34,32;41,48;27,59;74,48;62,9;29,39;24,82;27,38;51,6;50,9;32,73;47,23;58,4
28.июн.05;25,95;54,91;22,48;46,84;61,72;48,11;45,62;43,76;25,59;34,41;32,88;38,98;36,37;23,47;74,75;26,04;65,02;34,64;42,01;27,67;75,76;63,11;29,84;24,84;27,2;52,25;52,38;32,99;48,13;58,19
29.июн.05;25,88;58,2;22,71;46,52;60,95;47,54;45,38;43,45;25,16;34,27;32,69;38,47;36,33;23,88;74,19;25,96;64,66;34,68;41,85;27,35;74,72;63,02;29,7;24,86;27,14;52,38;51,87;33,07;48,24;57,55
30.июн.05;25,71;57,82;22,53;46,27;65,23;46,88;44,85;41,88;24,92;33,93;32,53;38,57;36,03;23,32;73,66;25,73;63,97;34,06;40,92;27,19;71,05;62,6;29,67;24,61;26,89;51,68;50,73;32,9;47,9;56,6
01.июл.05;25,72;58,33;22,7;46,54;63,92;47,19;44,78;41,7;24,83;34,01;33,15;39,16;35,69;23,29;74,13;25,92;63,92;34,14;41,37;27,38;71,73;62,95;29,93;24,48;26,42;51,83;50,76;32,92;47,98;57,43
05.июл.05;25,78;59,21;22,86;46,9;64,66;47,3;45,07;41,86;24,78;33,99;33,27;39,74;35,37;23,52;74,25;26,39;63,82;34,05;41,55;27,41;72,34;62,97;29,96;24,75;26,37;51,68;51,01;33,25;49,49;59,23
06.июл.05;25,58;58,86;22,7;46,3;63,54;46,88;44,92;41,48;24,53;33,6;32,74;38,94;34,86;23,77;75,26;26,21;63,13;33,69;41,11;27,14;71,57;62,56;29,44;24,47;26,1;51,43;49,94;33,16;49,08;58,21
07.июл.05;25,67;58,99;22,46;46,48;64,42;47,89;44,89;41,56;24,19;33,46;32,36;39,03;34,83;23,96;76,82;26,27;62,9;33,55;40,93;27,44;72,53;62,15;28,88;24,42;26,08;51,1;50,12;33,05;49,2;58,62
08.июл.05;26,77;59,76;22,66;46,88;64,31;48,55;45,12;42,35;24,74;34,26;33,18;39,74;35,43;24,09;78,72;26,98;63,26;33,89;41,88;28,07;73,7;62,8;29,87;24,86;26,46;51,88;50,91;33,14;49,59;58,5
11.июл.05;27,25;60,23;22,87;46,92;64,21;49,17;44,73;42,99;24,92;34,38;34,25;39,96;35,3;23,94;78,39;27,4;63,76;34,04;41,92;28,39;74,81;63,73;30,1;25,06;26,44;52,81;51,16;33,04;49,49;59,06
12.июл.05;27,22;60,22;22,96;46,79;63,55;48,68;44,63;42,81;25,14;34,37;34,31;40,95;35,51;23,92;79,46;27,44;63,75;34,32;41,96;28,57;73,57;62,99;30,45;25,37;26,39;52,85;50,55;32,99;49,78;58,98
13.июл.05;26,98;60,3;22,97;46,88;63,83;49,11;44,37;43,08;25,44;34,44;34,32;40,63;35,59;24,23;80,86;27,29;63,4;34,56;42,07;29;73,82;63,73;30,47;25,42;26,55;53,47;50,83;33,31;49,83;58,85
14.июл.05;27,13;60,36;23,17;47,01;63,83;50,17;45,11;43,04;26,05;34,88;35,4;40,69;36,01;24,42;81,82;27,57;63,57;34,75;42,32;29;74,12;64,5;30,74;25,73;26,91;53,64;50,98;33,52;50,2;57,7
15.июл.05;27,06;60,92;23,19;46,73;63,99;49,85;45,03;42,9;26,1;34,79;35,15;41,26;35,97;24,74;81,78;27,99;64;34,92;42,22;30,37;74,14;64,52;30,74;25,55;26,88;53,39;51,08;33,42;49,94;57,28
18.июл.05;27,23;59,81;22,92;46,07;63,98;50;43,66;42,53;25,78;34,46;34,93;42,09;36,14;24,72;81,21;27,92;63,57;34,58;42,07;30,28;73,24;63,81;30,72;25,31;26,57;53,51;50,75;33,1;49,68;57,27
19.июл.05;27,65;60,41;22,87;46,42;64,13;52,53;43,07;42,74;25,49;34,59;35,24;42,84;36,98;24,32;83,09;28,39;63,99;34,28;42,46;30,23;73;63,18;30,78;25,92;26,7;53,77;51,22;33,23;49,45;57,89
20.июл.05;28,08;60,36;22,88;46,86;65,31;52,58;42,89;43,13;25,56;34,56;35;43,58;38,1;24,53;83,98;27,14;63,93;34,24;42,46;30,28;73,38;64,15;30,69;25,95;26,38;54,18;51,31;33,19;49,69;58,11
21.июл.05;28,17;60,26;22,79;47,23;64,94;51,69;42,83;42,98;25,29;34,27;34,43;42,98;37,91;24,1;83,79;26,73;62,96;34,47;43,07;30,16;73,26;63,7;30,23;26,2;25,93;54,29;51,17;32,93;49,08;57,01
22.июл.05;28,15;60,45;22,8;47,44;65,43;51,8;43,09;43,04;25,56;34,34;34,68;43,1;37,57;23,99;83,83;26,46;63,3;34,66;43,15;30,32;73,41;64,4;30;25,44;25,84;54,15;50,52;32,92;49,23;58,6
25.июл.05;27,91;60,21;22,91;47,43;65,28;51,25;43,2;42,88;25,37;34,04;34,32;42,7;37,2;24,11;83,59;26,23;62,33;34,51;42,78;30;72,88;64,13;29,62;25,45;25,76;54,1;49,84;32,77;49,14;59,03
26.июл.05;27,82;60,01;23,11;47,18;65,58;51,22;43,27;40,07;25,61;33,97;35,36;43,32;37,42;24,17;83,51;26,59;61,67;34,44;42,82;29,75;72,5;64,27;29,57;25,3;25,58;54,27;49,75;32,88;49,22;58,7
27.июл.05;27,7;60,5;23,37;47,77;65,92;52,18;43,07;40,61;25,56;34,07;35,31;42,98;37,4;24,58;83,26;26,76;63,51;34,42;43,13;29,48;72,37;64,43;30,08;25,48;26,03;54,52;50,19;33,04;49,49;58,7
28.июл.05;28,11;60,44;23,78;48,22;65,23;53,82;42,98;40,82;25,68;34,15;35,9;43,5;38,35;24,3;83,19;27,04;63,7;34,53;43,5;29,67;73,4;64,97;30,15;25,51;26,1;54,97;50,73;33,39;49,51;59,09
29.июл.05;27,6;59,91;23,51;47,81;65,24;53,28;42,62;41,56;25,37;33,78;35,23;43,14;38,64;24,42;82,85;26,84;62,94;34,22;42,89;30,54;73,7;64,82;29,93;25,37;25,84;54,78;50,08;32,97;49,05;57,86
01.авг.05;27,46;59,8;23,53;47,66;64,98;53,39;42,82;41,17;25,34;33,53;35,27;42,5;38,15;24,31;82,82;26,81;63,47;34,37;42,99;30,55;73,99;64,3;29,56;25,68;25,97;54,48;49,41;32,73;49,22;58,33
02.авг.05;28,3;60,46;23,71;48,16;65,56;53,83;43,18;41,9;25,29;33,53;34,95;42,05;38,62;24,13;82,7;27,26;63,6;34,62;43,39;30,85;73,58;64,81;29,57;26,56;26,27;54,51;49,64;32,64;49,49;58,9
03.авг.05;28,39;60,74;24,01;48,23;65,87;53,76;43,16;41,92;25,5;33,49;34,91;41,87;38,29;24,41;83,45;27,42;63,84;34,67;43,78;30,98;72,9;65,35;29,69;27;26,26;54,16;49,49;32,96;49,37;58,11
04.авг.05;27,8;60,84;23,78;48,55;65,5;53,39;43,04;41,87;25,35;33,3;34,49;40,93;37,98;24,27;82,52;26,79;63,13;34,53;43,47;30,57;72,08;65,39;29,23;27,07;25,94;53,34;48,92;32,46;48,99;57,63
05.авг.05;27,74;60,71;23,66;48,51;65,42;52,99;42,75;41,58;25,21;33,05;33,67;40,6;37,85;24,48;82,75;26,55;62,53;34,32;43,18;30,67;71,72;64,21;29,54;27,5;25,59;53,27;48,77;32,1;49,02;57,21
08.авг.05;27,74;60,71;23,53;48,42;65,22;53,06;42,43;41,13;25,14;33,05;33,44;40,25;37,8;24,41;82,95;26,49;62,43;34,07;42,8;31,49;71,09;64,04;29,34;26,88;25,56;53,42;48,75;31,91;48,85;57,96
09.авг.05;28,31;61,13;23,59;48,32;66,35;53,71;42,72;41,5;25,87;33,43;33,86;41,01;38,23;24,35;83,09;26,68;63;34,11;43,22;31,79;70,75;64,28;29,85;27,1;26,03;53,12;49,17;32,08;48,92;58,56
10.авг.05;28,56;61,94;23,7;49,11;65,43;54,36;42,43;41,39;25,2;33,17;33,98;41,31;37,78;23,95;81,62;26,66;62,84;33,88;43,02;32,04;70,75;64,79;30,03;26,7;25,92;52,89;49,37;31,93;48,54;59,28
11.авг.05;29,45;62,37;23,78;49,38;66,77;54,86;42,63;41,05;25,61;33,79;33,88;41,15;38,2;23,99;82,26;26,6;63,29;33,89;43,23;33,99;71,1;65,31;29,95;27,02;25,96;52,84;51;31,89;48,65;60,32
12.авг.05;29,4;62;23,52;49,26;66,01;54,16;42,74;40,61;25,49;33,53;33,53;40,93;37,66;23,84;81,79;26,1;62,55;33,41;42,71;32,58;70,69;64,71;29,43;26,8;25,69;52,73;51,15;31,84;48,4;60,42
15.авг.05;28,92;61,86;23,52;49,14;66,92;54,62;42,91;40,77;25,89;33,49;33,52;41,26;38,23;23,9;82,1;26,31;62,34;33,74;42,67;32,92;70,93;64,88;29,54;26,96;25,73;53,35;51,12;31,78;48,8;59,8
16.авг.05;28,51;61,35;23,32;48,73;65,74;53,07;43,25;40,09;25,98;33,17;33,06;40,33;37,41;23,51;80,9;25,79;62,01;33,67;42,43;32,5;70,42;65,22;29,19;26,57;25,58;52,76;50,83;31,88;47,28;58,46
17.авг.05;28,08;61,21;23,28;48,71;66,48;52,84;43,21;40,24;26,01;33,39;33,06;40,28;38,06;26,61;80,9;25,88;62,49;33,55;42,44;33,19;70,93;65,69;29,44;26,78;25,69;52,6;51,21;31,84;46,97;57,58
18.авг.05;27,77;61,1;23,12;48,78;66,1;52,53;43,32;40,1;25,81;33,28;32,59;40,36;37,72;26,44;80,75;25,67;63,23;33,75;42,66;32,72;71,09;68,14;29,3;26,65;25,41;53,35;51,09;31,68;47,1;57,51
19.авг.05;27,8;60,92;23,21;48,77;66,61;54,18;43,27;40;25,7;33,24;32,52;40,03;37,8;26,28;82,36;25,44;62,88;33,63;43,5;32,71;71,24;67,74;27,04;26,55;25,09;53,71;51,33;31,86;46,44;58,21
22.авг.05;28,05;60,71;23,1;48,92;67,25;54,17;43,31;39,84;25,46;33,26;32,58;40,19;37,99;26,32;82,2;25,85;62,81;33,6;43,39;32,62;71,09;67,46;26,87;26,74;24,9;54,32;51,46;31,91;46,53;58,46
23.авг.05;27,38;60,41;23,27;48,68;66,89;54,06;42,68;39,66;25,53;33,26;32,53;40,3;37,81;26,5;81,63;25,51;62,08;33,45;43,31;32,38;70,17;67,48;26,57;26,7;24,64;54,55;51,12;32,02;46,2;58,39
24.авг.05;27,09;59,56;22,99;48,19;66,59;52,59;42,18;39,29;25,13;32,84;33,26;39,56;37,51;26,51;80,92;25,32;61,58;32,96;42,95;32,32;70,5;67,39;26,81;26,64;24,61;53,79;50,34;31,59;45,41;58,27
25.авг.05;27,17;59,41;22,96;48,45;66,67;52,78;42,4;39,3;24,93;32,8;33,08;39,84;37,6;26,69;80,7;25,25;61,85;33,22;42,93;32,63;70,48;67,68;26,76;26,86;24,42;54,16;50,22;31,49;45,15;58,57
26.авг.05;26,99;58,99;22,79;47,82;65,78;52,87;42,23;39,03;25,06;32,68;33,13;39,47;37,6;26,8;79,99;25,2;61,27;32,76;42,7;32,81;70,17;67,26;26,65;26,8;24,44;54,12;49,89;31,4;45,56;57,81
29.авг.05;27,18;59,25;22,91;48,58;67,04;53,08;42,66;39,01;25,08;32,9;33,04;40,2;37,67;26,48;80,94;25,52;62,33;33,02;43,12;32,5;70,26;67,35;27,09;26,98;24,65;54,79;49,96;31,23;45,51;57,82
30.авг.05;26,79;59;22,89;47,98;66,21;53,16;42,39;38,71;25,02;32,54;33,43;39,51;37,71;26,88;80,15;25,36;62,32;32,7;42,52;31,75;70,16;67,67;27,26;27,01;24,69;54,55;49,51;31,16;45,05;58
31.авг.05;26,5;59,07;23,15;48,02;66,48;54,85;42,89;38,87;24,93;32,91;33,18;40,08;37,86;27,54;80,23;25,51;62,7;33;43,12;31,8;70,33;68,44;27,57;27,21;25,02;54,63;49,61;31,51;44,82;59,28
01.сен.05;26,89;59,22;23,09;48,07;65,46;56,28;42,83;38,71;24,43;32,45;32;40,37;37,88;27,68;79,15;25,05;62,45;33,16;43;30,92;70,04;67,81;27,74;27,03;24,85;54,91;49,63;31,42;44,86;61,04
02.сен.05;26,63;59,2;22,95;48,12;63,83;57,57;43;38,16;24,5;32,63;31,94;40,09;37,55;27,38;79,07;25,07;62,22;33,21;43,02;31,26;70,67;67,82;28,16;26,85;24,87;55,13;50,2;31,29;44,41;60,05
06.сен.05;26,67;59,96;23,3;49,51;64,51;57,83;43,41;38,78;24,91;33,23;32,12;41,46;38,17;27,03;80,62;25,49;63,1;33,66;43,63;32;71,86;68,43;28,31;26,83;25,4;55,71;50,63;31,69;45,55;60,43
07.сен.05;26,27;60,02;23,15;49,87;63,99;58,38;43,56;39,07;24,95;33,3;32,03;41,68;38,11;27,24;80,58;25,45;64,1;33,97;43,76;33,02;72,92;68,79;28,57;26,68;25,83;55,4;50,91;31,53;45,72;60,82
08.сен.05;26,13;59,62;23,08;49,86;64,07;57,65;43,55;38,89;24,69;33,14;31,44;40,93;37,88;27,63;80,4;25,88;63,41;33,73;43,39;32,7;72,28;70,23;28,51;26,44;26,03;55,29;50,47;31,29;45,72;60,67
09.сен.05;26,55;61,09;23,12;50,58;64,88;58,18;43,71;39,13;24,78;33,27;31,48;40,97;38,39;27,59;81,04;25,04;64,03;33,9;43,17;33,45;72,67;70,34;28,62;26,41;25,86;56,03;51,03;31,53;45,75;62,55
12.сен.05;26,83;60,87;22,9;50,93;64,62;58,6;44,1;39,39;24,86;33,71;31,74;41,08;38,38;27,6;81,08;24,79;63,98;33,66;43,37;33,12;73,37;70,31;28,48;26,44;25,87;55,7;50,94;31,39;45,75;61,87
13.сен.05;26,51;60,86;22,87;50,19;64,88;58,71;44,19;39,04;24,55;33,56;31,73;40,36;38,53;27,39;80,36;24,7;63,36;33,25;43,06;32,45;73,15;69,52;28;26,31;25,51;54,69;51,11;31,31;44,93;61,23
14.сен.05;26,26;60,63;22,78;49,52;63,67;57,62;44,07;39,37;23,86;33,34;31,8;40,1;38,35;27,36;80,09;24,29;63,6;33,34;42,92;31,71;72,87;70,12;28,03;26,14;25,56;54,18;50,56;31,34;44,56;61,82
15.сен.05;26,09;60,81;22,99;50,04;64,56;57,07;44,12;39,39;23,75;33,66;31,59;40,1;38,18;27,73;79,62;24,35;63,67;33,23;43,03;32,78;72,46;70,72;28,09;26,1;25,24;54,65;50,28;31,2;44,19;61,81
16.сен.05;26,39;61,16;23,29;51,69;64,28;57,05;44,53;39,79;23,86;33,75;31,52;39,66;38,86;28,2;79,94;24,61;64,48;34,07;42,8;33,55;72,5;71,59;28,22;25,91;25,43;55,1;50,97;31,61;43,74;63,04
19.сен.05;26,07;60,21;23,13;51,31;63,59;56,31;44,45;39,58;23,65;33,34;30,39;39,29;37,88;28,73;79,04;24,48;63,95;33,68;42,76;32,83;71,66;71,44;27,98;25,84;25,14;54,71;50,48;31,39;43,88;63,96
20.сен.05;25,88;60,37;23,15;50,85;62,94;56,15;44,24;38,75;23,5;33,13;30,16;38,48;37,15;28,14;78,32;24,28;63,7;33,62;42,31;31,96;71,51;71,32;27,52;25,68;24,94;55,18;50,6;31,08;43,08;63,86
21.сен.05;25,8;59,27;23,02;49,55;61,91;56,45;43,92;38,32;23,08;32,85;29,79;38,12;36,49;27,95;77,18;24,3;64;33,12;41,67;30,79;71,49;70,12;27,15;25,33;24,85;55,05;50,18;30,78;42,36;64,3
22.сен.05;25,62;59,24;22,91;49,55;62,01;57,33;44,27;38,27;22,99;32,82;29,53;38,52;36,19;27,87;77,83;24,36;63,98;33,35;41,64;32,42;71,96;70,39;26,95;25,18;24,8;55,82;50,49;30,77;43,06;64,31
23.сен.05;24,16;59,92;22,85;49,46;62,7;58,24;44,33;38,09;22,98;32,92;30,15;38,3;37,07;28,33;77,62;24,18;63,3;33,17;41,77;31,98;71,71;70,39;26,97;25,11;24,42;55,87;51,29;30,98;43,07;63,17
26.сен.05;23,94;60,55;22,92;49,55;64,15;57,66;44,18;37,94;23,02;32,79;30,23;38,18;36,84;28,79;77,03;24,02;63,18;33,03;41,79;32,59;72,29;70,99;27,18;25,11;24,74;55,73;51,38;30,83;42,98;63,93
27.сен.05;23,75;60,62;22,73;49,29;66,02;58,04;44,18;37,75;23,11;33,15;29,86;38,16;37,18;28,23;77,61;23,64;62,76;32,99;41,75;32,35;72,33;71,94;26,81;25,18;24,35;56,23;51,54;30,68;42,97;63,95
28.сен.05;23,81;60,81;22,98;49,22;66,67;56,88;44,27;37,36;23,12;33,01;29,93;37,62;37,16;28,37;79,11;23,76;62,53;33,03;42,28;32,43;71,84;71,92;26,88;25,51;24,41;56,56;51,5;31,22;43;64,03
29.сен.05;24,19;62,12;22,8;49,99;66,74;57,32;44,72;37,92;23,71;33,16;29,78;37,83;37,14;28,79;79,97;24,28;63,06;33,45;42,51;32,81;72,33;72,09;26,68;25,78;24,64;57,25;51,09;31,34;43,41;64,13
30.сен.05;24,16;61,82;23,04;49,93;67,41;58,07;44,6;38,47;23,88;33,18;29,71;37,91;37,09;29,05;79,83;24,45;62,6;33,04;42,6;32,82;72,51;72,15;26,57;25,57;24,52;58,55;51,43;31,49;43,69;62,88
03.окт.05;23,61;61,4;23,03;50,4;66,6;58,33;44,59;38,15;23,76;32,75;30,12;37,89;36,66;28,75;80,06;24,4;61,9;33,22;42,62;33,19;71,69;72,59;26,61;25,34;24,84;58,4;51,29;31,21;43,63;61,84
04.окт.05;23,11;61,02;23,03;49,58;67,41;57,11;44,43;37,83;24,3;32,38;29,19;38,01;36,38;28,4;79,72;24,3;62,37;33,05;42,45;32,22;70,67;72,59;26,56;24,82;24,79;57,19;50,03;31,04;43,72;59,92
05.окт.05;22,7;60,97;22,73;49,84;66,51;55,57;44,36;37,3;23,98;32,21;27,79;37,45;36,23;27,33;79,43;23,87;61,58;32,9;42,03;32,19;70,35;72,51;26,26;24,51;24,35;56,24;49,63;30,64;43,37;58,34
06.окт.05;22,66;61,51;22,5;49,84;67,39;54,55;44,52;37,16;23,84;33,1;27,51;37,69;35,99;26,75;79,31;23,57;60,9;33,1;42,12;32,07;70,29;71,21;26,2;24,57;24,21;55,36;49,4;30,35;43,8;57,96
07.окт.05;22,79;61,73;22,17;49,59;66,76;55,96;44,5;37,21;23,85;33,73;27,46;37,57;36,15;26,96;80,11;23,63;60,68;33,34;41,62;31,57;70,9;70,93;25,24;24,44;23,95;55,18;49,75;29,84;43,9;58,98
10.окт.05;22,41;61,71;22,18;48,83;67,36;54,93;44,32;37,67;23,63;33,5;24,73;37,79;35,48;26,53;80,85;23,23;60,81;32,97;41,4;31,69;70,57;70,01;26,27;24,31;24,01;54,99;49,61;29,55;44,4;57,9
11.окт.05;22,6;61,57;21,99;48,96;66,17;54,92;43,9;37,83;23,52;33,31;25,64;38;35,64;27,1;82,78;23,23;60,63;32,76;41,09;31,69;69,74;70,54;26,12;24,26;23,86;55,15;49,52;29,21;44,88;58,79
12.окт.05;22,46;61,38;21,74;47,99;67,11;54,12;43,7;37,98;23,09;33,31;25,91;37,89;35,36;27,16;81,79;23,05;61,13;32,72;41,15;31,03;69,57;69,42;26,15;24,15;24,39;55,17;49,73;29,1;44,8;58,33
13.окт.05;22,3;62,13;21,68;48,03;65,96;53,37;43,82;37,55;23,18;33,53;26,35;37,72;35,48;27,1;81,8;23,01;63,33;33,19;41,15;31,41;69,26;68,13;26,18;24,44;24,06;55,34;50,09;29,07;44,62;57,56
14.окт.05;22,72;62,3;21,63;47,73;66,96;54,1;44,13;37,32;23,14;33,84;27,15;38,18;35,7;27,4;81,95;23,04;63,01;33,52;41,49;31,67;69,9;69,17;26,52;24,51;23,88;55,25;51,22;29,17;44,9;58,03
17.окт.05;22,95;62,96;21,63;47,9;66,7;54,39;43,91;37,23;23,24;33,52;29,2;38,23;35,97;27,24;82,19;23,27;62,32;33,44;41,51;32,04;71,63;73,38;26,45;24,38;23,69;54,93;50,71;28,68;45,1;58,25
18.окт.05;23,03;62,67;21,54;47,67;66,58;53,33;43,56;37,16;23,14;33,51;28,26;37,93;35,53;27,59;83,07;23,53;62,29;33,21;41,18;31,82;73,85;70,95;26,42;24,42;23,7;54,5;49,56;28,63;44,99;55,72
19.окт.05;23,46;63,34;21,84;48,75;67,82;54,79;43,99;37,92;23,19;33,91;27,54;39,03;33,68;27,5;83,76;23,5;63,62;34,16;41,23;33,01;74,78;72,29;26,29;24,93;23,54;55,1;51,47;28,68;45,85;56,58
20.окт.05;23,11;62,66;21,97;47,15;66,76;53,65;43,45;38,08;22,72;33,39;27,54;39,33;32,99;27,28;82,76;23,43;63,48;34,18;41,52;31,75;74,03;71,16;26,29;24,63;21,51;54,6;51,41;28,49;45,46;54,63
21.окт.05;23,1;62,78;22,41;46,94;65,49;48,57;43,42;37,95;22,74;33,24;27,43;39,41;32,84;27,43;82,92;22,96;63,38;34,55;41,35;31,83;74,02;71,43;25,57;24,62;20,87;54,25;50,51;28,8;45,58;54,8
24.окт.05;23,68;63,58;22,99;49,32;66,78;49,95;44,14;38,91;23,05;33,64;28,6;40,42;33,54;28,11;83,06;22,91;63,41;35,17;41,82;32,45;74,69;72,5;26,37;24,94;20,71;54,53;51,19;29,36;46,07;56,26
25.окт.05;23,49;63,61;23,09;49,49;66,44;49,93;44,26;40,07;23,27;33,42;28,42;39,88;33,35;27,34;82,95;22,92;62,89;35,13;41,88;32,34;74,8;72,83;26,39;24,87;20,82;55,02;50,83;29,65;45,25;56,61
26.окт.05;23,58;63,36;23,05;49,91;64,58;50,19;44,73;40,76;23,33;33,21;28,31;40,02;33,44;26,82;82,48;22,88;62,13;35,5;41,76;31,66;74,3;73,14;26,55;24,95;20,68;54,43;50,5;29,84;45,44;55,62
27.окт.05;23,61;62,99;23,1;48,68;63,54;49,54;44,5;40,63;23,17;33,09;26,39;39,15;33,04;26,66;81,91;22,65;60,78;35,44;41,57;30,92;73,95;71,85;26,29;24,69;20,72;54,46;50,01;30,01;44,6;55,03
28.окт.05;23,76;64,15;23,28;49,32;65,12;50,71;44,98;41,25;23,57;33,56;26,46;40,28;33,23;27,82;81,02;23,14;62,27;35,84;42,24;31,64;75,36;73,52;26,9;25,37;21,11;55,35;50,97;30,93;45,36;55,73
31.окт.05;24,03;64,65;23,24;49,54;64,12;52,22;44,86;40,95;24,11;33,42;26,59;40,79;33,82;27,9;81,48;23,31;61,94;36,02;42,19;30,96;75,1;73,46;27,56;25,54;21,35;55,42;50,88;30,74;47,17;55,56
01.ноя.05;24,33;64,93;23,17;48,93;64,53;52,34;44,49;40,99;24,4;33,11;26,39;40,73;34,14;28,14;81,19;22,47;61,23;36,24;42,06;31,13;74;72,64;27,85;25,8;21,16;54,68;50,5;30,57;46,85;55,82
02.ноя.05;24,67;66,07;23,3;49,74;64,18;53,31;44,63;41,73;24,56;33,32;25,76;41,01;34,51;28,64;80,66;23,18;60,64;36,59;41,97;31,61;74,28;73,07;27,74;26,29;21,21;55,08;50,48;30,7;47,42;56,79
03.ноя.05;25,01;65,77;22,92;49,5;64,98;53,1;44,97;42,24;24,64;33,49;25,82;40,55;35,04;28,59;82,46;23,78;60,54;36,48;41,99;32,56;74,27;72,72;28,79;26,27;21,48;55,39;51,1;30,08;47,31;57,96
04.ноя.05;25,05;65,84;23,06;49,18;64,76;53,17;45,12;42,54;24,55;33,53;25,98;41,11;35,5;28,38;82,59;23,88;60,22;36,69;41,72;32,76;74,26;72,47;28,54;26,49;21,86;55,35;51,22;30,15;47,55;57,3
07.ноя.05;25,82;66,19;22,81;49,57;65,17;53,86;45,94;42,33;24,9;33,53;26,45;41,25;35,5;28,58;83,2;24,38;60,77;37,06;41,83;33,02;74,97;72,62;28,76;26,84;21,87;55,01;51,23;29,8;47,9;56,51
08.ноя.05;25,87;65,7;23;48,91;64,74;53,86;46,11;42,25;24,9;33,27;25,57;40,33;35,38;28,39;82,94;24,43;60,11;36,72;41,56;33,32;75,07;72,95;28,68;26,88;21,7;55,14;51,12;29,91;47,47;57,07
09.ноя.05;26,08;66,22;23;49,11;64,44;53,71;46,32;41,33;25,15;33,43;24,35;40,57;35,36;28,09;82,63;24,68;60,36;37,1;41,6;32,66;75,21;72,24;28,9;26,79;21,95;55,43;52,13;30,1;48,05;57,2
10.ноя.05;26,15;67,04;23,28;49,63;65,82;54,3;47,23;41,88;25,44;34;23,24;41,49;35,54;28,13;83,78;25,12;60,75;37,69;41,94;33,23;76,29;72,94;29,33;26,92;22;55,79;52,46;30,38;48,89;56,15
11.ноя.05;26,55;67,09;23,34;50,22;65,08;54,48;47,49;42,11;25,59;34,15;24,2;41,66;35,86;28,37;84,34;25,01;60,26;37,63;42,17;33,8;76,65;73,27;29,33;27,11;22,22;55,79;53,03;30,63;48,85;56,22
14.ноя.05;26,48;67,35;23,34;50,68;65,95;55,04;47,73;41,92;25,74;33,9;23,47;42,32;36,19;28,06;84,15;25,25;59,86;37,5;41,99;33,93;76,73;73,02;29,52;27,2;22,04;55,35;53,13;30,6;49,15;56,35
15.ноя.05;26,13;66,53;23,28;50,7;66,72;55,5;47,16;41,96;25,79;33,9;22,35;42,15;36,15;27,98;85,32;24,96;62,15;37,11;41,88;33,31;77,16;72,82;29,32;27,41;21,68;55,43;52,99;30,07;48,63;56,13
16.ноя.05;26,2;66,18;23,21;49,85;67,16;56,33;47,19;41,51;25,58;34,04;21,05;41,98;36,49;28,13;86,32;24,79;62,57;37,19;41,56;32,8;76,02;72,33;29,08;27,65;21,17;56,02;53,37;30,34;48,73;56,88
17.ноя.05;26,32;66,92;23,55;49,28;67,37;57,06;47,43;41,88;25,72;34,16;22,37;42,26;36,23;28,85;86,67;24,99;62,66;37,3;41,29;33,19;76,37;70,28;28,92;27,88;21,15;56,56;53,55;30,93;49,09;57,08
18.ноя.05;26,27;67,02;23,76;49,68;66,67;56,87;47,9;42,06;24,93;35,23;23,78;42,19;36,18;29,25;87,55;25,18;62,2;37,4;41,62;33,09;77,26;69,74;29,71;27,98;21,39;56,86;53,34;30,93;49,35;57,94
21.ноя.05;26,58;67,48;23,75;50,67;68,71;57,3;48;42,52;24,79;35,68;23,31;42,03;36,45;29,13;87,07;25,13;61,64;37,2;41,57;33,07;78,31;70,1;29,76;28,06;21,53;57,05;53,6;30,99;49,47;59,06
22.ноя.05;26,57;68,21;24,14;51,52;68,81;58,34;48,4;42,76;24,68;35,54;23,01;42,13;36,74;29,2;87,77;26,04;61,26;37,57;41,76;32,99;77,79;71,57;29,8;27,82;21,18;56,55;54,16;31,09;50,05;59,34
23.ноя.05;26,76;68,91;24,05;52,16;69,15;57,6;48,82;42,43;24,7;35,42;23,25;42,25;36,76;29,23;88,58;26,51;61,32;38,14;42,06;33,71;77,64;71,86;30,09;27,83;21,43;56,42;54,19;31,07;50,42;59,55
25.ноя.05;27,2;68,71;24,14;52,38;68,77;57,54;49;42,76;24,79;35,68;22,6;42,17;36,72;29,58;88,58;26,68;61,8;38,22;42,21;33,46;77,83;71,92;30,25;27,67;21,46;56,69;54,1;31,2;50,34;59,79
28.ноя.05;27,47;68,08;24,44;52,6;68,34;57,04;48,78;42,72;24,76;35,46;22,96;41,4;36,22;29,81;88,89;26,73;62,05;38,26;42,19;33,95;77,71;71,35;28,87;27,66;21,38;56,52;53,88;31,39;49,85;58,43
29.ноя.05;27,74;67,91;24,41;51,89;68,84;56,69;48,57;43,04;24,82;35,41;22,74;41,85;36,58;29,81;88,88;26,65;61,65;38,32;42,74;33,93;77,86;71,42;29,32;27,59;21,27;57,09;53,97;31,37;48,86;58,03
30.ноя.05;27,28;66,99;24,28;51,19;67,9;57,37;48,04;42,36;24,67;35,2;21,65;41,63;36,34;29,52;88,68;26,55;61,4;37,62;42,38;33,85;77,99;71,25;29,08;27,59;21;56,6;53,64;31,2;48,41;57,72
01.дек.05;28,15;67,66;24,66;51,75;69,38;58,58;48,33;42,93;24,7;35,23;22,35;41,39;37,06;29,41;88,99;27,05;61,34;37,93;42,53;35,33;78,77;71,46;29,36;27,8;21,18;57,05;54,01;31,36;47,88;59,04
02.дек.05;27,97;67,14;24,43;51,38;69,15;58,39;48,25;42,77;24,62;34,99;21,83;41,52;35,87;29,08;88,43;27,3;60,87;38,35;42,51;34,91;78,9;71,77;29,64;27,92;21,1;56,77;54,78;31,09;47,82;58,76
05.дек.05;27,84;66,19;24,65;51,16;68,91;57,91;48,33;42,71;24,75;35,25;21,88;41,24;35,74;29,64;88,21;26,77;60,71;38,21;42,34;34,57;77,83;71,21;29,78;27,76;21,15;56,84;54,31;30,94;47;59,2
06.дек.05;28,11;66,32;24,56;51,27;69,28;58,38;48,37;43,08;25,25;35,28;22,14;41,26;35,92;29,47;88,92;26,54;60,13;38,21;42,23;35,16;77,21;70,9;29,8;27,6;20,94;56,82;54,76;30,97;47,48;59,37
07.дек.05;28,45;65,76;24,45;50,88;69,36;57,37;48,18;42,69;25,4;35,06;22,78;41,37;35,78;29,37;88,5;26,03;59,7;37,84;41,89;35,26;76,89;70,48;29,96;27,66;20,9;56,45;54,59;30,68;47,61;58,71
08.дек.05;28,29;65,71;24,22;50,42;69,78;56,93;47,99;42,6;25,05;34,84;21,75;41,07;35,46;29,08;87,28;25,58;59,74;38,01;41,58;34,82;76,46;70,36;29,36;27,6;20,78;56,42;55,09;30,47;47,56;59,11
09.дек.05;28,02;65,87;24,27;50,92;69,36;57,68;48,39;42,47;25,19;35,02;22,66;40,87;35,52;29,77;86,75;25,96;59,76;38,47;41,21;34,84;77,37;70,68;28,81;27,62;20,4;56,74;55,21;30,32;47,93;58,19
12.дек.05;27,94;65,63;24,23;50,8;69,9;57,62;48,17;42,47;25,15;35,04;22,79;41,17;35,86;29,9;85,74;26,49;59,81;38,5;40,85;34,47;76,63;70,98;28,1;27,36;20,74;56,33;55,34;29,97;48,53;58,55
13.дек.05;28,37;65,78;24,38;50,54;70,29;58,55;48,92;42,89;25,13;34,96;22,05;42,12;35,69;29;83,5;26,59;59,91;38,76;40,66;35,27;76,47;72,47;28,59;27,04;22,1;57,91;55,97;29,97;49,32;58,75
14.дек.05;28,35;65,84;24,24;51,23;71,15;58,33;49,11;42,79;25;35,25;22,19;42,33;37,3;29,54;82,92;26,5;59,77;38,9;40,79;35,5;77,06;72,17;28,88;27;22,63;59,01;56,87;29,79;49,51;59,54
15.дек.05;28,1;65,15;24,22;51,2;70,49;58,29;48,58;42,52;24,74;35,48;21,88;42,43;37,75;29,13;83,32;26,45;59,82;38,93;40,86;34,98;77;75;29,45;26,83;22,57;58,38;57,38;29,86;49,26;59,18
16.дек.05;28,1;65;24,32;51,69;70,45;59,22;48,85;42,11;24,7;35,54;21,64;42,35;37,68;28,85;83,16;26,26;60,52;39,13;40,91;34,75;76,61;75,69;29,68;26,81;22,36;57,51;57,81;29,75;49,27;57,75
19.дек.05;28,41;65,67;24,2;51,04;69,68;56,43;48,65;41,77;24,54;35,3;20,81;41,67;37,66;28,8;82,55;25,66;60,85;38,95;41,12;34,1;77,08;74,96;31,9;26,74;24,09;57,95;56,92;29,77;48,96;57,4
20.дек.05;28,17;65,27;24,02;51,52;70,44;56,34;48,69;41,57;24,27;35,03;19,62;41,3;37,94;28,78;82,27;25,69;60,44;38,95;40,92;34,15;76,94;74,45;31,64;26,77;23,77;57,61;57,2;29,79;48,6;57,62
21.дек.05;28,85;66,29;23,83;52,15;70,09;56,67;48,75;42,41;24,1;34,81;18,83;41,4;37,48;28,7;82,91;25,76;60,54;39,17;40,91;34,44;77,56;74,7;31,58;26,64;23,81;57,92;57,16;29,87;48,65;57,3
22.дек.05;29,19;67,75;23,95;52,06;71,02;58,03;48,67;42,5;24,19;35,16;18,43;41,28;38,1;28,83;83,01;25,85;60,97;39,39;40,98;34,58;78,15;75,22;31,66;26,5;23,83;58,18;57,63;29,94;48,6;56,8
23.дек.05;29,31;67,95;24;52,07;71,19;58,09;48,72;42,62;24,27;35,16;18,62;41,44;37,75;28,7;83,27;25,85;60,77;39,54;40,85;34,55;78,11;75,24;31,85;26,55;23,73;58,28;57,06;29,74;48,34;56,8
27.дек.05;29,11;67,8;24;51,04;70,23;57,48;48,14;42,63;24,14;34,8;18,77;40,87;37,27;28,67;82,78;25,34;59,96;39,44;40,67;34,1;76,89;74,34;31,59;26,37;23,4;58;56,54;29,7;47,73;55,57
28.дек.05;29,47;68,26;23,99;51,2;70,66;57,43;47,96;42,87;24,13;34,85;18,4;40,94;37,37;28,73;82,83;25,32;60,08;39,25;40,48;34,19;77,71;74,34;31,56;26,3;23,38;57,94;56,65;29,51;47,84;55,95
29.дек.05;29,51;68,94;23,99;50,88;70,88;57,73;48,07;42,63;24,17;34,93;18,79;40,59;37,39;28,67;82,19;24,95;59,91;39,2;40,31;34,14;77,8;74,29;32;26,18;23,23;57,82;56,12;29,53;47,48;55,94
30.дек.05;29,43;68,08;23,87;51,23;69,95;57,36;48,02;42,11;23,97;34,79;19,2;40,33;37,05;28,56;81,99;24,84;59,76;39,04;40,02;33,72;77,01;73,91;31,46;26,06;23,1;57,29;55,7;29,38;46,8;55,87
03.янв.06;29,76;69,46;24,08;52,34;70,14;57,39;48,77;42,67;24,4;35,11;18,69;41,09;37,26;28,7;81,85;25,45;61,28;39,53;40,6;33,52;78,61;74,17;32,39;26,75;23,55;58,18;56,32;29,64;46,23;58,16
04.янв.06;29,93;69,56;24,26;51,83;70,87;58,85;47,87;42,43;23,99;35,06;19,19;40,33;37,11;29,54;81,74;25,79;62,23;39,3;40,52;33,82;78,22;74,7;32,77;26,88;24,32;58,29;55,98;30,51;46,32;58,26
05.янв.06;30,17;69,65;24,31;52,38;70,04;58,85;48,11;42,35;24,41;34,97;20,29;39,94;37,09;29,33;82,29;26,15;61,97;39,42;40,72;33,86;77,5;74,51;32,82;26,9;24,35;58,1;55,77;30,86;45,69;57,97
06.янв.06;30,07;69,95;24,62;52,56;69,06;60,02;48,11;42,53;24,74;35,21;20,56;40,24;37,67;30,17;84,74;26,19;62,25;39,7;41,11;34,06;78,14;75,13;32,76;26,82;24,61;58,04;55,95;30,98;45,88;59,12
09.янв.06;30,42;69,62;24,71;53,87;68,48;61,11;47,88;42,28;25;35,12;22,16;40,67;37,36;30,55;83,52;26,35;62,64;40,34;41,31;34,71;78,52;75,35;33,29;26,77;24,61;58,47;56,59;31,11;45,71;59,09
10.янв.06;29,46;70,24;24,56;53,71;68,81;60,86;48,03;42,16;25,32;34,93;21,81;41,65;37,3;30,71;83,86;26;62,74;40,4;41,35;34,74;78,04;75,26;32,97;26,91;24,21;58,25;56,62;31,24;45,86;59,54
11.янв.06;29,06;70,67;24,76;53,42;69,81;60,89;48,46;40,77;25,56;35,17;21,61;42,8;37,32;31,26;83,96;26,02;62,15;40,37;41,37;35,34;77,88;75,64;33,1;27,2;24,51;58,45;55,77;31,61;46,57;59,95
12.янв.06;28,67;70,1;24,65;53,43;69,4;61,77;48,51;39,87;25,64;34,74;20,72;42,4;36,88;30,94;83,36;25,85;61,86;39,63;41,14;34,79;77,21;75,52;33,12;27,05;24,35;57,81;55,25;31,73;45,74;59,32
13.янв.06;28,81;69,89;24,68;53,32;69,19;61,89;48,4;39,71;25,7;34,84;20,14;41,76;36,96;31,82;82,96;25,67;61,47;39,6;41,01;34,47;77,01;75,61;33,11;27,1;24,43;58,3;55,45;31,8;45,4;60,65
17.янв.06;28,98;68,88;24,53;52,84;68,4;62,51;47,92;39,59;25,38;34,68;19,59;41,42;36,66;31,58;82,79;25,4;60,93;39,39;40,73;34,59;76,61;74,98;32,85;26,9;24,05;58,05;55,77;31,11;44,95;61,21
18.янв.06;28,81;68,45;24,51;52,65;68,04;61,67;47,85;39,37;25,2;34,56;19,91;41,75;36,82;31,59;83,59;22,49;61,84;38,96;40,52;34,99;76,69;75,05;32,67;26,74;23,77;58,35;55,43;30,78;45,18;60,36
19.янв.06;29,35;67,95;24,59;52,47;67,88;62,31;47,43;39,53;26,24;34,42;20,03;41,13;36,99;32,16;82,88;22,29;61,82;38,74;40,63;35,2;76,43;74,74;32,96;26,93;24,73;58,19;55,77;31,05;45,8;61,17
20.янв.06;28,66;66,56;24,41;51,28;66,22;60,59;45,21;39,16;25,72;33,12;19,82;40,03;35,65;31,66;81,16;21,66;60,46;37,74;39,8;35,86;74,77;74,03;32,89;26,32;24,47;57,52;54,8;30,58;45;60,21
23.янв.06;29,04;66,46;24,15;51,32;66,74;60,85;45,51;39,19;25,52;33,04;21,6;39,55;35,86;31,26;81,21;21,25;60,85;37,96;40,21;35,71;75,22;73,91;32,47;26,26;24,65;57,32;54,26;30,64;45,25;60,88
24.янв.06;29,17;66,39;24,36;52,7;67,38;61,16;45,52;38,9;25,99;32,72;22,79;40,3;36,34;31,29;80,65;21,18;59,03;37,8;40,6;35,85;73,73;73,41;32,42;26,19;24,36;57,55;56,24;30,53;45,72;60,64
25.янв.06;29,6;65,66;24,9;52,78;66,63;61,87;45,74;38,85;25,44;32,52;23,58;39,84;35,87;32,03;80,71;21,11;58,17;38,17;40,84;35,16;72,54;73,05;32,83;26,31;24,59;58,15;56,78;31,01;45,97;59,89
26.янв.06;30,63;66,29;25,2;53,2;68,43;64,96;46,51;39,45;25,08;32,77;22,79;40,26;37,21;31,52;80,52;21,39;58,31;39,27;41,18;34,94;72,24;72,95;33,58;26,41;24,81;58,5;57,3;31,31;46,32;59,63
27.янв.06;31,15;66,5;25,57;53,18;68,27;67,32;46,37;39,47;25,08;32,71;23,53;39,86;37,61;31,21;80,82;21,57;58,38;39,43;41,67;35,05;72,19;73,92;34,32;27,7;25,74;59,41;58,53;31,76;45,84;60,97
30.янв.06;30,38;65,92;25,73;52,56;68,74;66,8;46,32;38,98;25,46;32,69;24,06;39,86;37,82;31,2;81,43;21,55;58,07;39,53;41,45;35,02;72,19;73,11;34,08;27,91;25,69;58,81;58,14;31,52;46,41;62,78
31.янв.06;31,35;65,31;25,63;52,33;68,02;67,69;46,09;38,79;25,31;32,51;23,79;40,4;38,21;31,1;81,1;21,16;57,22;39,43;41,08;35,01;72,29;71,56;34,12;28,05;25,44;58,9;58,15;31,29;46,11;62,42
01.фев.06;31,11;66,12;26,22;52,5;71,32;69,02;45,84;39,13;25,27;32,89;24,22;40,09;39,13;31,15;81,73;21,45;57,53;39,56;41,2;35,67;72,73;72,7;34,28;27,95;25,8;59,49;57,78;31,43;46,14;61,62
02.фев.06;30,65;65,32;26,19;52,44;71,4;68,17;45,18;38,54;25,1;32,66;23,33;39,82;38,32;30,84;81,03;21,1;57,33;39,67;40,93;35,45;71,7;71,25;33,45;27,59;25,53;59,32;57,53;31,17;46,28;61,62
03.фев.06;30,58;65,2;26,46;52,21;70,57;67,91;45,06;38,55;25,01;32,61;22,89;39,68;39,02;30,49;79,77;20,74;57,06;39,21;40,58;35,97;70,65;70,92;34,02;27,45;25,04;59,35;56,96;31,24;45,49;61,07
06.фев.06;32,03;65,86;26,72;52,1;70,84;68,48;45,17;38,53;24,96;32,51;23,07;39,35;39,22;30,2;79,31;20,61;56,53;39,12;40,64;36,13;70,72;70,61;33,46;27,08;24,85;59,46;56,87;31,18;45,08;61,64
07.фев.06;30,87;65,65;26,59;51,95;71,25;66,95;45,05;38,82;26,7;32,07;22,55;38,59;38,94;30,3;79,65;20,67;56,48;38,94;40,73;36,19;70,21;70,28;33,32;26,85;24,94;58,99;56,67;31,13;44,74;60,23
08.фев.06;31,18;66,23;26,8;52,61;71,76;68,59;45,36;39,19;26,9;32,5;21,74;39,13;38,81;31,93;80,8;20,67;58,27;39,28;40,93;36,36;70,55;70,58;33,92;26,82;26,37;59,14;56,51;32,21;45,4;60,39
09.фев.06;31,07;66,97;26,8;52,92;72,01;68,23;45,79;39,83;26,72;32,68;21,89;38,91;39,31;31,52;80,4;21;58,22;39,45;40,7;36,3;71,67;71,04;33,97;26,57;26,34;59,29;56,5;32,28;45,7;59,92
10.фев.06;30,86;67,75;27,14;52,88;72,53;68,53;45,96;40,32;26,68;33,03;21,62;39,08;39,42;31,43;81,33;21,29;58,06;39,6;40,86;36,33;72,15;71,09;33,94;26,6;25,68;59,37;56,91;32,79;45,75;59,43
13.фев.06;30,24;67,79;27,31;52,9;72,11;68,4;45,68;40,15;26,41;33;21,75;39,56;39,85;31,66;80,44;21,13;58,17;39,45;40,44;36,36;72,45;70,48;33,94;26,3;25,58;59,11;57,12;32,55;45,51;59,6
14.фев.06;31,37;68,24;27,94;53,39;72,71;70;46,12;40,99;26,75;33,21;21,92;40,98;40,29;32,41;81,09;21,37;58,72;39,77;41,04;36,37;73,24;71,8;34,29;26,56;25,5;59,51;57,91;33,13;46,45;59,55
15.фев.06;30,89;68,14;27,97;54,07;72,45;71,37;46,25;40,92;26,88;33,21;21,98;41,38;40,62;31,59;80,85;21,35;58,77;39,99;41,04;36,01;72,67;72,59;34,91;26,88;25,61;59,78;58,13;33,75;46,89;59,76
16.фев.06;30,37;68,03;28,1;54,36;72,55;71,73;46,44;41,52;27,05;33,1;22,28;41,71;41,36;33,94;80,91;21,35;58,65;40,49;41,29;36,37;72,59;72,41;35,59;26,81;25,81;60,39;58,2;34,14;46,63;60,25
17.фев.06;30,38;67,27;27,93;54,33;72,96;71,82;46,24;41,51;26,91;33,36;21,92;41,71;41,95;33,99;80,71;20,61;58,74;40,45;41,49;36,06;73,31;72,08;35,66;26,7;25,82;60,66;58;34,37;46,1;60,55
21.фев.06;30,2;67,11;27,8;53,74;73,05;72,36;46,17;41,66;27,16;33,11;21,41;41,72;41,2;32,43;80,5;20,62;58,81;40,37;41,55;35,66;72,74;71,42;35,2;26,54;25,64;60,54;58,83;33,95;45,74;60,76
22.фев.06;30,3;67,76;27,9;54,72;74,39;72,83;46,88;40,89;27,46;33,39;21,19;41,73;41,8;32,86;81,35;20,15;58,7;41,07;41,78;35,95;72,98;72,59;35,53;26,72;26,19;61,6;58,88;33,59;45,48;60,26
23.фев.06;30,09;67,05;27,6;54,45;73,9;72,12;46,8;40,57;27,71;33,26;20,59;41,43;41,43;32,29;80,2;20,29;58,26;40,78;41,73;35,59;73,65;72,59;35,02;26,66;26,14;61,14;58,55;33,52;45,7;59,83
24.фев.06;30,16;66,82;27,23;54,75;74,31;72,47;46,85;40,32;27,98;33,14;19,99;41,48;41,48;31,94;80,1;20,36;57,76;41,32;41,92;35,34;73,91;71,67;34,72;26,63;26,37;61,16;58,89;33,41;45,45;60,42
27.фев.06;29,56;66,96;27,43;54,62;74,13;73,27;46,78;40,05;28,38;33,32;20,11;42,3;41,57;33,33;80,63;20,52;57,91;41,24;42,22;35,25;73,69;71,93;34,97;27,05;26,6;61,01;58,76;33,66;45,76;59,92
28.фев.06;29,32;66,21;27,25;53,76;72,69;72,85;46,37;40,24;27,99;32,87;20,31;42;40,95;32,73;80,24;20,6;57,65;40,81;41,67;34,91;73,59;71,12;34,48;26,87;26,19;59,6;58,5;33,3;45,36;59,37
01.мар.06;29,55;66,22;27,74;54;72,95;74,15;46,53;40,61;28,09;32,76;19,9;42,44;41,27;33,97;79,9;20,8;57,66;41,29;42;34,93;73,67;71,27;34,58;27,14;26,26;59,78;58,7;33,8;45,15;60,34
02.мар.06;29,9;65,8;27,93;53,66;72,8;74,1;46,05;41,04;28,03;32,85;19,41;42,14;41,48;34,11;79,94;20,49;57,69;41,32;41,61;34,94;73,05;70,83;34,74;26,97;26,06;59,22;58,29;33,6;45,06;60,85
03.мар.06;30,4;65,48;27,65;53,63;73,39;74,37;45,92;41;28,22;33,06;19,21;42,05;41,72;33,18;79,96;20,32;57,47;41,25;41,5;34,85;72,88;71,33;34,81;26,93;26,34;59,34;57,86;33,19;45,33;60,98
06.мар.06;29,8;66,01;26,69;53,63;72,63;72,99;46,09;40,55;27,88;33,1;19,81;41,65;40,86;32,78;80;20,3;57,85;41,09;41,65;34,67;71,95;70,73;34,58;26,91;25,98;59,34;57,72;33,33;45,12;59,98
07.мар.06;29,2;66,49;26,2;53,47;73,16;72,81;46,4;40,86;28,01;33,15;20,29;41,37;41,38;32,88;80,29;20,06;58,22;41,14;41,5;34,64;72,27;71,01;34,52;27,06;26,19;59,97;57,75;33,12;45,27;59,85
08.мар.06;28,78;66,96;26,46;53,72;72,82;72,17;46,68;40,56;28,05;33,43;20,42;41,16;41,5;32,6;81,14;20,01;58,74;41,26;41,92;34,68;72,38;71,86;34,68;27,25;26,17;60,73;57,84;33,05;45,27;59,71
09.мар.06;28,81;66,59;26,62;53,08;73,76;71,17;46,49;40,31;28,09;33,2;21,34;40,64;41,27;32,68;81,02;19,75;58,31;40,72;42,09;34,53;71,8;72,04;34,51;27;26,19;61,06;57,4;33,19;45,24;58,92
10.мар.06;29,23;67,65;26,9;54,11;74,79;70,73;46,99;40,9;28,16;33,65;21,64;41,25;42,14;32,91;81,57;19,85;59,04;40,8;42,46;34,65;72,32;73,06;34,76;27,17;26,08;61,91;57,82;33,79;45,33;59,18
13.мар.06;29,09;68,07;26,79;53,72;74,84;70,78;46,84;41,51;28,56;33,67;21,37;41,25;41,67;33,22;81,93;19,73;59,08;40,73;42,49;34,32;72,09;73,5;35,2;27,11;25,97;61,64;58;33,92;45,27;59,64
14.мар.06;29,6;68,61;26,98;53,84;75,45;71,71;47,18;41,92;28,66;33,78;21,14;42,14;42,35;33,4;82,88;19,76;59,29;41,04;42,79;34,26;73,53;74,46;35,1;27,23;25,97;59,68;58,31;33,99;45,54;60,81
15.мар.06;29,9;68,66;26,97;53,9;76,05;74,05;47,01;42,87;28,75;34,42;21,5;42,26;42,85;33,89;83,38;19,92;59,8;40,89;42,73;34,77;74;73,87;35,16;27,36;25,95;59,57;57,93;33,99;45,32;61,02
16.мар.06;30,23;69,24;26,78;54;76,73;74,66;47,32;42,64;28,68;34,38;22,22;42,75;42,59;33,86;82,87;19,65;60,02;40,98;42,69;35,06;74,89;73,9;35,28;27,27;26,05;59,06;58,23;34,11;46,36;61,64
17.мар.06;30,11;68,82;26,67;54,53;77,85;75,99;47,41;42,56;28,64;34,51;21,13;42,9;42,76;34,16;83,3;19,54;60,34;41,06;42,79;35,1;74,79;73,55;35,64;27,5;26,39;58,77;58,8;34,01;46,69;61,05
20.мар.06;29,8;68,41;26,49;54;78,18;75,61;47,4;42,75;28,64;34,5;20,85;42,85;42,57;33,96;83,58;19,62;60,48;41,11;42,89;34,73;75;73,59;35,66;27,89;26,47;58,85;58,7;33,82;47,76;60,66
21.мар.06;29,14;67,33;26,39;53,47;78,26;74,07;47,22;42,86;28,1;34,34;22;43;42,27;33,54;83,81;19,78;60,57;40,87;42,75;34,9;74,93;72,46;35,89;27,74;26,31;58,7;58,44;33,95;48,11;60,72
22.мар.06;29,36;67,89;26,59;53,43;78,61;75,97;47,67;43,16;27,79;34,53;22,01;43,37;42,66;33,36;84,45;19,98;61;41,71;42,77;34,8;76,07;73,29;36,23;27,15;26,4;59,16;59,13;34,4;48,1;61,05
23.мар.06;29,52;67,16;26,67;52,98;77,9;76,02;47,77;42,97;27,52;34,12;22;43,81;42,52;33;83,2;19,7;60,81;41,7;42,41;34,54;76,77;72,75;36,2;26,85;26,16;58,33;58,75;34,31;48,54;61,25
24.мар.06;29,83;67,43;27,03;53,06;78,73;75,26;47,81;42,55;27,45;33,95;22,65;43,12;42,45;33,17;83,36;19,6;60,39;41,76;42,66;34,7;76,8;72,94;36,05;27,01;26,02;58,42;59,28;34,56;48,19;61,17
27.мар.06;30,33;67,15;26,97;53,24;78,39;75,14;47,64;42,56;27,34;33,79;22,93;42,99;42;33,11;83,08;19,75;59,94;41,77;42,39;34,55;76,84;72,05;36,02;27,01;25,81;57,97;59,22;34,52;47,95;61,29
28.мар.06;30,17;66,03;26,69;52,45;77,51;74,63;47,6;42,39;27,09;33,6;22,75;42,99;41,91;32,07;82,43;19,58;59,6;41,22;42,16;34,31;76,3;72,03;35,65;26,9;25,35;57,21;58,28;34,14;47,75;60,95
29.мар.06;30,71;66,18;26,92;52,38;79,18;73,44;47,63;42,48;27,86;33,93;22,15;42,91;42,27;32,72;83,13;19,82;59,51;41,34;42,16;34,6;77,56;72,82;35,8;27,02;25,24;57,42;58,31;34,61;48,05;61,28
30.мар.06;30,72;66,07;26,69;52,01;78,42;72,17;47,28;42,51;27,87;34,65;21,06;42,38;42,34;32,57;83,2;19,7;59,35;41,19;42,12;34,55;76,52;71,72;35,61;27,23;25,2;57,31;58,02;34,08;47,66;61,12
31.мар.06;30,56;66,09;26,71;52,43;77,93;71,58;47,23;42,21;27,89;34,78;21,27;42,3;42,77;32,9;82,47;19,46;59,22;41,3;41,87;34,36;75,69;70,86;35,23;27,21;24,92;57,31;57,97;33,66;47,24;60,86
03.апр.06;30,9;65,67;26,62;52,31;78,01;73,27;47,41;42,83;27,94;34,69;20,14;42,38;42,39;33,53;83,06;19,35;59,17;41,59;41,87;34,73;75,84;71,31;35,41;27,56;25,12;57,56;58,18;34,02;46,77;61,03
04.апр.06;30,86;66,07;26,79;53,11;78,6;75,06;48,21;42,94;27,91;34,7;19,54;42,55;43,11;33,69;83,45;19,3;58,82;42,27;42,08;34,66;77;71,08;35,48;27,64;25,1;57,68;58,15;34,19;46,5;61,75
05.апр.06;31,67;65,95;26,76;52,9;79,11;75,56;48,26;43,12;27,79;34,42;19,91;42,65;42,99;34,36;84,17;19,48;58,4;42,54;41,95;34,81;77,46;71,18;35,99;27,74;25,17;57,3;58,23;34,03;46,87;62,16
06.апр.06;32,16;65,44;26,45;52,27;79,82;75,41;47,85;43,2;27,68;34,51;19,55;42,14;42,85;34,1;83,81;19,38;58,5;42,29;41,69;34,6;81,38;70,46;34,84;27,56;25,09;57,18;58,23;33,68;46,56;62,09
07.апр.06;32,5;64,38;26,16;51,7;79,57;74,68;47,66;42,7;27,53;34,03;19,51;42,1;42,4;33,37;82,48;19,24;57,83;41,7;41,35;34,88;81,03;69,75;34,47;27,25;24,69;56,96;57,62;33,79;46,02;61,33
10.апр.06;32,83;64,19;26,03;51,85;80,79;75,21;47,93;42,97;27,79;33,92;19,4;41,8;42,63;33,1;82,1;19,36;57,71;41,88;41,48;35,35;80,98;70,04;34,42;27,29;24,65;56,83;57,68;33,48;45,7;61,94
11.апр.06;34,09;63,39;25,78;51,25;80,57;76,42;47,47;43,03;27,77;34,05;19,22;41,43;41,89;32,54;81,16;19,16;57,75;41,61;41,29;35,55;80,79;69,32;34,06;27,13;24,35;56,18;57,41;32,74;45,5;62
12.апр.06;34,09;63,39;25,62;51,19;83,21;77,59;47,6;43,11;27,92;34,46;20,03;40,99;42,46;32,33;80,75;19,12;57,87;41,9;41,15;35,19;81,1;69,59;33,85;27,2;24,42;56,11;57,44;33,02;45,9;61,46
13.апр.06;33,71;63,4;25,58;51,21;82,93;76,7;48,05;43,3;27,88;33,89;20,4;41,12;43,41;32,62;81,98;19,45;57,91;42,19;41,26;34,85;80,97;69;33,94;27,07;24,5;56,29;57,14;32,81;45,77;61,56
17.апр.06;34;62,92;25,43;51;82,35;76,21;48,35;42,97;27,65;33,29;20,04;40,38;42,88;32,03;81,64;19,19;57,65;42;41,04;34,32;80,26;68,68;33,8;26,84;24,44;55,72;57,5;32,47;45,82;62,05
18.апр.06;35,16;63,48;25,94;52,3;83,3;78,66;48,48;43,67;28,09;33,87;20,58;41,32;44,16;33,48;83,31;19,39;58,13;42,6;41,3;34,48;81,59;69,44;34,48;27,22;24,93;55,85;58,9;33,2;46,4;63,54
19.апр.06;34,95;63,66;25,75;51,87;84,96;78,72;48,23;43,69;27,48;33,89;20,57;40,74;43,53;32,99;81,86;19,56;58,02;42,62;41,69;34,55;81,88;68,96;34,4;27,03;24,82;56,07;62,8;32,76;46,47;64,3
20.апр.06;34,77;63,7;25,34;52,44;85,5;77,97;48,3;44,36;27,34;34,12;22,64;40,81;43,83;33,81;82,02;19,45;58,22;42,6;41,81;35,08;82,6;70,04;35;27,03;24,95;56,26;64,21;32,56;46,4;63,92
21.апр.06;35,39;63,81;25,35;52,25;86,46;77,87;48,01;44,61;27,02;33,97;21,79;40,28;43,55;32,96;81,66;19,06;58,37;42,5;41,85;34,6;85,06;70,54;34,74;27,15;24,87;56,34;64,22;32,52;45,82;65
